--
-- PostgreSQL database cluster dump
--

-- Started on 2026-07-09 15:05:27

SET default_transaction_read_only = off;

SET client_encoding = 'UTF8';
SET standard_conforming_strings = on;

--
-- Roles
--

CREATE ROLE postgres;
ALTER ROLE postgres WITH SUPERUSER INHERIT CREATEROLE CREATEDB LOGIN REPLICATION BYPASSRLS;
CREATE ROLE root;
ALTER ROLE root WITH NOSUPERUSER INHERIT NOCREATEROLE NOCREATEDB LOGIN NOREPLICATION NOBYPASSRLS;

--
-- User Configurations
--








--
-- Databases
--

--
-- Database "template1" dump
--

\connect template1

--
-- PostgreSQL database dump
--

-- Dumped from database version 17.10 (Debian 17.10-1.pgdg13+1)
-- Dumped by pg_dump version 17.0

-- Started on 2026-07-09 15:05:27

SET statement_timeout = 0;
SET lock_timeout = 0;
SET idle_in_transaction_session_timeout = 0;
SET transaction_timeout = 0;
SET client_encoding = 'UTF8';
SET standard_conforming_strings = on;
SELECT pg_catalog.set_config('search_path', '', false);
SET check_function_bodies = false;
SET xmloption = content;
SET client_min_messages = warning;
SET row_security = off;

-- Completed on 2026-07-09 15:05:28

--
-- PostgreSQL database dump complete
--

--
-- Database "plancharge" dump
--

--
-- PostgreSQL database dump
--

-- Dumped from database version 17.10 (Debian 17.10-1.pgdg13+1)
-- Dumped by pg_dump version 17.0

-- Started on 2026-07-09 15:05:28

SET statement_timeout = 0;
SET lock_timeout = 0;
SET idle_in_transaction_session_timeout = 0;
SET transaction_timeout = 0;
SET client_encoding = 'UTF8';
SET standard_conforming_strings = on;
SELECT pg_catalog.set_config('search_path', '', false);
SET check_function_bodies = false;
SET xmloption = content;
SET client_min_messages = warning;
SET row_security = off;

--
-- TOC entry 4172 (class 1262 OID 24577)
-- Name: plancharge; Type: DATABASE; Schema: -; Owner: root
--

CREATE DATABASE plancharge WITH TEMPLATE = template0 ENCODING = 'UTF8' LOCALE_PROVIDER = libc LOCALE = 'fr_FR.UTF-8';


ALTER DATABASE plancharge OWNER TO root;

\connect plancharge

SET statement_timeout = 0;
SET lock_timeout = 0;
SET idle_in_transaction_session_timeout = 0;
SET transaction_timeout = 0;
SET client_encoding = 'UTF8';
SET standard_conforming_strings = on;
SELECT pg_catalog.set_config('search_path', '', false);
SET check_function_bodies = false;
SET xmloption = content;
SET client_min_messages = warning;
SET row_security = off;

SET default_tablespace = '';

SET default_table_access_method = heap;

--
-- TOC entry 227 (class 1259 OID 24640)
-- Name: affecter; Type: TABLE; Schema: public; Owner: root
--

CREATE TABLE public.affecter (
    id_chantier integer NOT NULL,
    id_user integer NOT NULL
);


ALTER TABLE public.affecter OWNER TO root;

--
-- TOC entry 224 (class 1259 OID 24614)
-- Name: alerte; Type: TABLE; Schema: public; Owner: root
--

CREATE TABLE public.alerte (
    id_alerte bigint NOT NULL,
    message character varying(300),
    id_chantier integer,
    active boolean DEFAULT true,
    datecreation timestamp without time zone DEFAULT now()
);


ALTER TABLE public.alerte OWNER TO root;

--
-- TOC entry 223 (class 1259 OID 24613)
-- Name: alerte_id_alerte_seq; Type: SEQUENCE; Schema: public; Owner: root
--

ALTER TABLE public.alerte ALTER COLUMN id_alerte ADD GENERATED BY DEFAULT AS IDENTITY (
    SEQUENCE NAME public.alerte_id_alerte_seq
    START WITH 1
    INCREMENT BY 1
    NO MINVALUE
    NO MAXVALUE
    CACHE 1
);


--
-- TOC entry 220 (class 1259 OID 24592)
-- Name: chantier; Type: TABLE; Schema: public; Owner: root
--

CREATE TABLE public.chantier (
    id_chantier bigint NOT NULL,
    titre character varying(200),
    id_statut integer,
    cp character varying(20),
    date_debut date,
    date_fin date,
    prev integer,
    cons integer,
    finance character varying(20),
    capacite integer,
    id_priorite bigint,
    nature character varying(50)
);


ALTER TABLE public.chantier OWNER TO root;

--
-- TOC entry 219 (class 1259 OID 24591)
-- Name: chantier_id_cantier_seq; Type: SEQUENCE; Schema: public; Owner: root
--

ALTER TABLE public.chantier ALTER COLUMN id_chantier ADD GENERATED BY DEFAULT AS IDENTITY (
    SEQUENCE NAME public.chantier_id_cantier_seq
    START WITH 1
    INCREMENT BY 1
    NO MINVALUE
    NO MAXVALUE
    CACHE 1
);


--
-- TOC entry 222 (class 1259 OID 24608)
-- Name: events; Type: TABLE; Schema: public; Owner: root
--

CREATE TABLE public.events (
    id_event bigint NOT NULL,
    id_user integer,
    date_debut date,
    date_fin date
);


ALTER TABLE public.events OWNER TO root;

--
-- TOC entry 221 (class 1259 OID 24607)
-- Name: event_id_event_seq; Type: SEQUENCE; Schema: public; Owner: root
--

ALTER TABLE public.events ALTER COLUMN id_event ADD GENERATED BY DEFAULT AS IDENTITY (
    SEQUENCE NAME public.event_id_event_seq
    START WITH 1
    INCREMENT BY 1
    NO MINVALUE
    NO MAXVALUE
    CACHE 1
);


--
-- TOC entry 229 (class 1259 OID 40963)
-- Name: indicateur; Type: TABLE; Schema: public; Owner: root
--

CREATE TABLE public.indicateur (
    id_indicateur bigint NOT NULL,
    date date,
    wishlist real,
    raf real,
    conso real,
    rcqa real,
    delta real,
    nb_qa bigint,
    rqa_month real,
    caf_moy real
);


ALTER TABLE public.indicateur OWNER TO root;

--
-- TOC entry 228 (class 1259 OID 40962)
-- Name: indicateur_id_indicateur_seq; Type: SEQUENCE; Schema: public; Owner: root
--

ALTER TABLE public.indicateur ALTER COLUMN id_indicateur ADD GENERATED BY DEFAULT AS IDENTITY (
    SEQUENCE NAME public.indicateur_id_indicateur_seq
    START WITH 1
    INCREMENT BY 1
    NO MINVALUE
    NO MAXVALUE
    CACHE 1
);


--
-- TOC entry 231 (class 1259 OID 49155)
-- Name: priorite; Type: TABLE; Schema: public; Owner: root
--

CREATE TABLE public.priorite (
    id_priorite bigint NOT NULL,
    libelle bigint
);


ALTER TABLE public.priorite OWNER TO root;

--
-- TOC entry 230 (class 1259 OID 49154)
-- Name: priorite_id_priorite_seq; Type: SEQUENCE; Schema: public; Owner: root
--

ALTER TABLE public.priorite ALTER COLUMN id_priorite ADD GENERATED BY DEFAULT AS IDENTITY (
    SEQUENCE NAME public.priorite_id_priorite_seq
    START WITH 1
    INCREMENT BY 1
    NO MINVALUE
    NO MAXVALUE
    CACHE 1
);


--
-- TOC entry 233 (class 1259 OID 65545)
-- Name: role; Type: TABLE; Schema: public; Owner: root
--

CREATE TABLE public.role (
    id_role integer NOT NULL,
    libelle character varying(10)
);


ALTER TABLE public.role OWNER TO root;

--
-- TOC entry 232 (class 1259 OID 65544)
-- Name: role_id_role_seq; Type: SEQUENCE; Schema: public; Owner: root
--

ALTER TABLE public.role ALTER COLUMN id_role ADD GENERATED BY DEFAULT AS IDENTITY (
    SEQUENCE NAME public.role_id_role_seq
    START WITH 1
    INCREMENT BY 1
    NO MINVALUE
    NO MAXVALUE
    CACHE 1
);


--
-- TOC entry 218 (class 1259 OID 24585)
-- Name: statut; Type: TABLE; Schema: public; Owner: root
--

CREATE TABLE public.statut (
    id_statut bigint NOT NULL,
    libelle character varying(10)
);


ALTER TABLE public.statut OWNER TO root;

--
-- TOC entry 217 (class 1259 OID 24584)
-- Name: statut_id_statut_seq; Type: SEQUENCE; Schema: public; Owner: root
--

ALTER TABLE public.statut ALTER COLUMN id_statut ADD GENERATED BY DEFAULT AS IDENTITY (
    SEQUENCE NAME public.statut_id_statut_seq
    START WITH 1
    INCREMENT BY 1
    NO MINVALUE
    NO MAXVALUE
    CACHE 1
);


--
-- TOC entry 235 (class 1259 OID 73731)
-- Name: titres; Type: TABLE; Schema: public; Owner: root
--

CREATE TABLE public.titres (
    id_titre integer NOT NULL,
    label character varying(300)
);


ALTER TABLE public.titres OWNER TO root;

--
-- TOC entry 234 (class 1259 OID 73730)
-- Name: titres_id_titre_seq; Type: SEQUENCE; Schema: public; Owner: root
--

ALTER TABLE public.titres ALTER COLUMN id_titre ADD GENERATED BY DEFAULT AS IDENTITY (
    SEQUENCE NAME public.titres_id_titre_seq
    START WITH 1
    INCREMENT BY 1
    NO MINVALUE
    NO MAXVALUE
    CACHE 1
);


--
-- TOC entry 226 (class 1259 OID 24620)
-- Name: users; Type: TABLE; Schema: public; Owner: root
--

CREATE TABLE public.users (
    id_user bigint NOT NULL,
    name character varying(20),
    firstname character varying(20),
    role integer,
    nbannual integer,
    nbrestant integer,
    email character varying(50)
);


ALTER TABLE public.users OWNER TO root;

--
-- TOC entry 225 (class 1259 OID 24619)
-- Name: users_id_user_seq; Type: SEQUENCE; Schema: public; Owner: root
--

ALTER TABLE public.users ALTER COLUMN id_user ADD GENERATED BY DEFAULT AS IDENTITY (
    SEQUENCE NAME public.users_id_user_seq
    START WITH 1
    INCREMENT BY 1
    NO MINVALUE
    NO MAXVALUE
    CACHE 1
);


--
-- TOC entry 4158 (class 0 OID 24640)
-- Dependencies: 227
-- Data for Name: affecter; Type: TABLE DATA; Schema: public; Owner: root
--

COPY public.affecter (id_chantier, id_user) FROM stdin;
9	5
10	5
11	5
12	9
12	4
17	3
17	7
19	7
16	3
16	7
18	7
18	3
14	7
14	3
15	3
15	7
3	5
5	3
7	7
7	3
91	8
92	8
93	8
90	8
89	3
89	8
88	8
86	3
86	6
86	9
86	5
86	8
86	4
86	13
86	7
85	4
4	3
84	4
82	9
80	7
81	7
78	3
78	6
78	9
78	5
78	8
78	4
78	13
78	7
77	8
75	7
74	4
76	6
76	8
69	4
71	6
71	8
70	7
72	8
73	3
73	6
73	9
73	5
73	8
73	4
73	13
73	7
68	4
68	7
64	7
62	7
58	6
59	6
57	6
56	6
55	6
54	6
53	6
51	9
50	9
49	9
48	9
46	9
45	9
44	9
43	9
42	4
47	9
41	7
40	7
34	7
39	8
38	8
33	3
24	5
23	7
22	7
21	7
20	7
83	9
2	3
2	7
\.


--
-- TOC entry 4155 (class 0 OID 24614)
-- Dependencies: 224
-- Data for Name: alerte; Type: TABLE DATA; Schema: public; Owner: root
--

COPY public.alerte (id_alerte, message, id_chantier, active, datecreation) FROM stdin;
23	Dépassement JH sur le chantier : 21 AO - Prestation prévoyance (44/42)	2	f	2026-06-30 10:11:00.288792
24	Dépassement JH sur le chantier : DEV Dashboard QA (50/31)	12	f	2026-06-30 10:37:58.616099
25	Dépassement JH sur le chantier : Lot 1b : Résiliation (9/6)	90	t	2026-06-30 12:06:48.887171
26	Dépassement JH sur le chantier : Processus Concevoir les offres et assurer la relation commerciale 2026 1 (9/1)	51	t	2026-06-30 12:42:17.799399
27	Dépassement JH sur le chantier : Fonctionnement 2026 2 (3/2)	47	t	2026-06-30 13:45:25.570849
28	Dépassement JH sur le chantier : Processus Gérer la vie du contrat, les cotisations et les sinistres santé et prévoyance 2026 (2/1)	46	t	2026-06-30 13:46:20.179121
\.


--
-- TOC entry 4151 (class 0 OID 24592)
-- Dependencies: 220
-- Data for Name: chantier; Type: TABLE DATA; Schema: public; Owner: root
--

COPY public.chantier (id_chantier, titre, id_statut, cp, date_debut, date_fin, prev, cons, finance, capacite, id_priorite, nature) FROM stdin;
4	Web élus	1	Adrien PRACHE	2026-01-08	2026-01-09	1	1	FCT DSI	5	4	Incap / inval
36	Optimisation du processus Gestion des prestations prévoyances 2026	3	Alexandre JACOB	\N	\N	15	\N	Projets	5	2	Bascule PHOENIX
8	Montée de version AI fresco	3	Damien UNTERNER	\N	\N	15	\N	FCT DSI	\N	5	\N
6	Montée de version AI	3	Joel ROLLAND	\N	\N	55	\N	\N	\N	5	\N
5	Montée de version MAEA	3	Jean Louis DADE	2026-04-05	2026-05-02	2	\N	AFESI	5	4	\N
7	MCVPAP CRM	2	Bérangère KERBOUL	2026-11-11	2026-12-30	15	\N	\N	50	5	Ville de Paris
33	EZC : évolution éditique	2	Noémie BELLALOU	\N	\N	\N	\N	Projets	5	2	\N
24	Transformation de l'espace PS	3	Julien BRODU	\N	\N	20	\N	Projets	25	2	\N
9	Inventaire	2	Samia CHAREF	\N	\N	\N	\N	FCT DSI	13	1	\N
3	Mode opératoire EZC	2	Samia CHAREF	2026-09-14	2026-10-31	15	12	FCT DSI	13	1	\N
10	Mode opératoire PP	3	Samia CHAREF	\N	\N	30	12	FCT DSI	13	1	\N
11	Mode opératoire AO	2	Samia Charef	\N	\N	15	12	FCT DSI	13	1	\N
13	Reconnaissance ADH Chantier 2026	3	Laurence	\N	\N	\N	\N	\N	\N	\N	\N
32	Optimisation du processus Obligations réglementaires et contractuelles du reporting vis-à-vis des collectivités 2026	3	Noémie BELLALOU	\N	\N	\N	\N	Projets	0	2	\N
2	21 AO - Prestation prévoyance	2	Alexandre JACOB	2026-09-26	2026-11-14	42	38	FCT DSI	50	5	Incap / inval
35	Optimisation du processus Gestion des prestations prévoyances 2026	3	Alexandre JACOB	\N	\N	15	\N	Projets	5	2	Simplification calcul prestation
12	DEV Dashboard QA	2	Samia CHAREF	\N	\N	31	21	FCT DSI	10	3	\N
17	MCVPAP PDV	2	\N	\N	\N	15	15	\N	50	5	\N
19	Optimisation du processus Gestion de la vie contrat 2026	2	\N	\N	\N	12	5	\N	30	2	\N
16	MCVPAP AI	2	Bérangère KERBOUL	\N	\N	15	\N	FCT DSI	50	5	\N
18	MCVPAP E2E	2	\N	\N	\N	15	\N	\N	50	5	\N
14	MCVPAP ED	2	Bérangère KERBOUL	\N	\N	15	\N	FCT DSI	50	5	\N
15	MCVPAP MO	2	Bérangère KERBOUL	\N	\N	15	\N	\N	50	5	\N
21	Campagne direction marketing 2026	2	Yann LAROQUE	\N	\N	1	1	Projets	10	2	\N
37	Optimisation du processus Gestion des prestations prévoyances 2026	3	Alexandre JACOB	\N	\N	8	7	Projets	50	2	Contrôles
47	Fonctionnement 2026	2	Samia CHAREF	\N	\N	2	3	FCT DSI	3	3	\N
41	Gestion des dispenses	3	Oana MLHANACHE	\N	\N	5	\N	Projets	0	3	\N
31	Optimisation de la gestion des cotisations pour les contrats collectifs 2026	3	Noémie BELLALOU	\N	\N	\N	\N	Projets	0	2	\N
56	Résiliation automatique suite à adhesion 2026	2	Yann LAROQUE	\N	\N	1	1	Projets	10	1	\N
46	Processus Gérer la vie du contrat, les cotisations et les sinistres santé et prévoyance 2026	2	Alexandre JACOB	\N	\N	1	2	Projets	1	3	\N
39	Optimisation du processus Gestion des prestations prévoyances 2026	3	Alexandre JACOB	\N	\N	4	\N	Projets	5	2	TNR Centre de gestion
38	Optimisation du processus Gestion des prestations prévoyances 2026	3	Alexandre JACOB	\N	\N	12	3	Projets	0	5	ECM
55	Fonctionnement DSCD 2026	2	Yann LAROQUE	\N	\N	4	4	Projets	10	1	\N
54	Offre et mise en marché 2026	2	Yann LAROQUE	\N	\N	3	3	Projets	10	1	\N
53	Optimisation de la gestion des cotisations pour les contrats collectifs dans les périphériques 2026	2	Yann LAROQUE	\N	\N	4	4	Projets	10	1	\N
50	Optimisation du processus Répondre au contrat client autres actions 2026	2	Yann LAROQUE	\N	\N	1	\N	Projets	2	3	\N
49	Modification de garantie depuis le CRM 2026	2	Alienor BAUBON	\N	\N	4	\N	Projets	2	3	\N
48	Processus Relation Satisfaction client tiers 2026	2	Yann LAROQUE	\N	\N	10	10	Projets	2	3	\N
20	Fonctionnement 2026	2	Samia CHAREF	\N	\N	4	2	FCT DSI	20	2	\N
44	Accompagnement transformation du réseau 2026	2	Yann LAROQUE	\N	\N	1	\N	Projets	2	2	\N
43	Optimisation du processus Stratégie commerciale 2026	2	Yann LAROQUE	\N	\N	1	1	Projets	2	2	\N
34	Optimisation du processus Gestion des prestations prévoyances 2026	3	Alexandre JACOB	\N	\N	5	\N	Projets	5	2	Espaces des prestas EE
42	Suivi des sprints MO (maintenance évolutives et correctives )	2	Laurence BLANCHET	\N	\N	17	9	Projets	60	3	\N
30	Optimisation du processus Gestion des cotisations 2026	3	Noémie BELLALOU	\N	\N	1	1	Projets	0	2	\N
40	Application Mobile Gestion 2026	3	Oana MLHANACHE	\N	\N	120	\N	Projets	\N	2	\N
51	Processus Concevoir les offres et assurer la relation commerciale 2026	2	Yann LAROQUE	\N	\N	1	9	Projets	2	3	\N
28	Optimisation des actions vie du contrat pour un CCO 2026	3	Noémie BELLALOU	\N	\N	\N	\N	Projets	0	2	\N
29	Optimisation du processus Gestion du recouvrement et du contentieux 2026	3	Noémie BELLALOU	\N	\N	\N	\N	Projets	0	2	\N
27	Optimisation du processus Gestion du contrat 2026	3	Noémie BELLALOU	\N	\N	9	9	\N	0	2	\N
26	Optimisation du processus Gestion du renouvellement 2026	3	Noémie BELLALOU	\N	\N	\N	\N	Projets	0	2	\N
25	Optimisation du processus Gestion des souscription 2026	3	Noémie BELLALOU	\N	\N	\N	\N	Projets	0	2	\N
23	Optimisation du processus Gestion des cotisation 2026	2	Yann LAROQUE	\N	\N	1	\N	Projets	10	2	\N
22	Optimisation du processus Gestion des sinistres santé 2026	2	Alexandre JACOB	\N	\N	1	1	Projets	10	2	\N
45	Campagne direction marketing 2026	2	Yann LAROQUE	\N	\N	1	\N	Projets	2	3	\N
66	Définition & mise en oeuvre de la relation avec les collectivités	3	Yann LAROQUE	\N	\N	\N	\N	Projets	30	3	\N
67	Obligations règlementaires et contractuelles de reporting vis-à-vis des collectivités dans le cadre des CCO	3	Yann LAROQUE	\N	\N	\N	\N	Projets	30	2	\N
65	Optimisation de la gestion des cotisations pour les contrats collectifs dans les périphériques	3	Yann LAROQUE	\N	\N	2	\N	Projets	5	2	\N
64	Optimisation de la gestion des ctisations pour les contrats collectifs dans EZC	3	\N	\N	\N	7	\N	Projets	30	2	\N
63	Optimisation des actions vie du contrat pour un CCO dans les périphériques	3	Yann LAROQUE	\N	\N	5	4	Projets	5	2	\N
62	Optimisation des actions vie du contrat pour un CCO dans EZC	3	\N	\N	\N	5	5	Projets	30	2	\N
91	Lot 3 : Changement de garantie	3	Laurence BLANCHET	\N	\N	11	\N	Projets	10	3	\N
92	Lot 4 : autres	3	Laurence BLANCHET	\N	\N	\N	\N	Projets	10	3	\N
93	Lot 5 : Bureautique et recouvrement	3	Laurence BLANCHET	\N	\N	\N	\N	Projets	10	3	\N
90	Lot 1b : Résiliation	3	Laurence BLANCHET	\N	\N	6	9	Projets	10	3	\N
89	Lot 2 : Adhésion	3	Laurence BLANCHET	\N	\N	18	\N	Projets	60	3	\N
88	Différentes versions	3	Laurence BLANCHET	\N	\N	120	2	Projets	60	3	\N
87	Callbot IA gen 2026	3	Laurence BLANCHET	\N	\N	\N	\N	Projets	20	4	\N
86	Bout en bout MRH	3	Céline ROUESNE	\N	\N	9	\N	Projets	20	4	\N
85	MO Santé Animal 2026	2	Céline ROUESNE	\N	\N	1	\N	Projets	70	4	\N
84	MO Parcours MRH Marque Blanche 2026	2	Céline ROUESNE	\N	\N	1	\N	Projets	10	4	\N
82	CRM Parcours MRH Marque Blanche 2026	2	Céline ROUESNE	\N	\N	15	12	Projets	50	4	\N
79	Modification de garantie en ligne depuis le CRM 2026	3	Alienor BAUBION	\N	\N	\N	\N	Projets	5	1	\N
78	Modification des ayants-droi 2026 E2E	3	Alienor BAUBION	\N	\N	\N	\N	Projets	5	1	\N
77	Modification des ayants-droi 2026 ECM	3	Alienor BAUBION	\N	\N	\N	\N	Projets	5	1	\N
75	Modification des ayants-droi 2026 ED	3	Alienor BAUBION	\N	\N	\N	\N	Projets	5	1	\N
74	Modification des ayants-droi 2026 MO	3	Alienor BAUBION	\N	\N	\N	\N	Projets	5	1	\N
76	Modification des ayants-droi 2026 PDV	3	Alienor BAUBION	\N	\N	\N	\N	Projets	5	1	\N
69	Résiliation automatique 2026 MO	3	Alienor BAUBION	\N	\N	\N	\N	Projets	5	1	\N
71	Résiliation automatique 2026 PDV	3	Alienor BAUBION	\N	\N	\N	\N	Projets	5	1	\N
70	Résiliation automatique 2026 ED	3	Alienor BAUBION	\N	\N	\N	\N	Projets	5	1	\N
72	Résiliation automatique 2026 ECM	3	Alienor BAUBION	\N	\N	\N	\N	Projets	5	1	\N
73	Résiliation automatique 2026 E2E	3	Alienor BAUBION	\N	\N	\N	\N	Projets	5	1	\N
68	TOM CAT	2	Joël ROLLAND	\N	\N	10	4	Projets	30	\N	\N
61	Gestion de la vie des contrats et cotisations des CCO via le SIRH	3	Alienor BAUBON	\N	\N	\N	\N	Projets	5	3	\N
60	Déploiement DSN sur le socle	3	Noémie BELLALOU	\N	\N	\N	\N	Projets	5	3	\N
58	Modification de garantie en ligne 2026	2	Yann LAROQUE	\N	\N	1	1	Projets	10	1	\N
59	Dépendance éditique	2	Yann LAROQUE	\N	\N	2	2	Pojets	5	1	\N
83	CRM Santé Animale 2026	2	Céline ROUESNE	\N	\N	8	4	Projets	50	4	\N
80	ED Parcours MRH Marque Blanche 2026	2	Céline ROUESNE	\N	\N	10	\N	Projets	10	4	\N
81	ED Parcours MRH Marque Blanche 2026	2	Céline ROUESNE	\N	\N	5	\N	Projets	10	4	\N
57	Processus Concevoir les offres et assurer la relation commerciale 2026	2	Yann LAROQUE	\N	\N	3	3	Projets	10	1	\N
\.


--
-- TOC entry 4153 (class 0 OID 24608)
-- Dependencies: 222
-- Data for Name: events; Type: TABLE DATA; Schema: public; Owner: root
--

COPY public.events (id_event, id_user, date_debut, date_fin) FROM stdin;
15	3	2026-06-24	2026-06-24
18	4	2026-07-22	2026-07-22
19	5	2026-07-22	2026-07-22
20	6	2026-07-22	2026-07-22
21	7	2026-07-22	2026-07-22
22	7	2026-07-23	2026-07-23
43	1	2026-07-28	2026-07-21
45	1	2026-07-29	2026-07-28
46	1	2026-07-30	2026-07-21
\.


--
-- TOC entry 4160 (class 0 OID 40963)
-- Dependencies: 229
-- Data for Name: indicateur; Type: TABLE DATA; Schema: public; Owner: root
--

COPY public.indicateur (id_indicateur, date, wishlist, raf, conso, rcqa, delta, nb_qa, rqa_month, caf_moy) FROM stdin;
\.


--
-- TOC entry 4162 (class 0 OID 49155)
-- Dependencies: 231
-- Data for Name: priorite; Type: TABLE DATA; Schema: public; Owner: root
--

COPY public.priorite (id_priorite, libelle) FROM stdin;
1	1
2	2
3	3
4	4
5	0
\.


--
-- TOC entry 4164 (class 0 OID 65545)
-- Dependencies: 233
-- Data for Name: role; Type: TABLE DATA; Schema: public; Owner: root
--

COPY public.role (id_role, libelle) FROM stdin;
1	QA
2	Manager
3	Autre
\.


--
-- TOC entry 4149 (class 0 OID 24585)
-- Dependencies: 218
-- Data for Name: statut; Type: TABLE DATA; Schema: public; Owner: root
--

COPY public.statut (id_statut, libelle) FROM stdin;
1	Clos
2	En cours
3	A faire
\.


--
-- TOC entry 4166 (class 0 OID 73731)
-- Dependencies: 235
-- Data for Name: titres; Type: TABLE DATA; Schema: public; Owner: root
--

COPY public.titres (id_titre, label) FROM stdin;
1	21 AO - Prestation prévoyance
2	Mode opératoire
3	Web élus
4	Montée de version MAEA
5	Montée de version AI
6	MCVPAP CRM
7	Montée de version AI fresco
\.


--
-- TOC entry 4157 (class 0 OID 24620)
-- Dependencies: 226
-- Data for Name: users; Type: TABLE DATA; Schema: public; Owner: root
--

COPY public.users (id_user, name, firstname, role, nbannual, nbrestant, email) FROM stdin;
1	Laulanet	Lucas	3	0	24	lucas.laulanet@mnt.fr
2	Charef	Samia	2	0	\N	samia.sellaoui@mnt.fr
6	Channaoui	Hiba	1	25	25	hiba.channaoui-ext@mnt.fr
4	Martel	Johann	1	47	47	johann.martel@mnt.fr
7	Rafil	Djillali	1	18	18	djillali.rafil-ext@mnt.fr
8	Guemat	Yasmine	1	25	25	yasmine.guemat-ext@mnt.fr
9	Dennery	Stephane	1	22	22	stephane.dennery-ext@mnt.fr
5	Dikoume	Manuela	1	47	47	manuela.dikoume@mnt.fr
13	Merchiche	Katia	1	25	25	katia.merchiche-ext@mnt.fr
3	Bouaud	Philippe	1	47	40	philippe.bouaud@mnt.fr
\.


--
-- TOC entry 4173 (class 0 OID 0)
-- Dependencies: 223
-- Name: alerte_id_alerte_seq; Type: SEQUENCE SET; Schema: public; Owner: root
--

SELECT pg_catalog.setval('public.alerte_id_alerte_seq', 28, true);


--
-- TOC entry 4174 (class 0 OID 0)
-- Dependencies: 219
-- Name: chantier_id_cantier_seq; Type: SEQUENCE SET; Schema: public; Owner: root
--

SELECT pg_catalog.setval('public.chantier_id_cantier_seq', 104, true);


--
-- TOC entry 4175 (class 0 OID 0)
-- Dependencies: 221
-- Name: event_id_event_seq; Type: SEQUENCE SET; Schema: public; Owner: root
--

SELECT pg_catalog.setval('public.event_id_event_seq', 47, true);


--
-- TOC entry 4176 (class 0 OID 0)
-- Dependencies: 228
-- Name: indicateur_id_indicateur_seq; Type: SEQUENCE SET; Schema: public; Owner: root
--

SELECT pg_catalog.setval('public.indicateur_id_indicateur_seq', 1, false);


--
-- TOC entry 4177 (class 0 OID 0)
-- Dependencies: 230
-- Name: priorite_id_priorite_seq; Type: SEQUENCE SET; Schema: public; Owner: root
--

SELECT pg_catalog.setval('public.priorite_id_priorite_seq', 5, true);


--
-- TOC entry 4178 (class 0 OID 0)
-- Dependencies: 232
-- Name: role_id_role_seq; Type: SEQUENCE SET; Schema: public; Owner: root
--

SELECT pg_catalog.setval('public.role_id_role_seq', 3, true);


--
-- TOC entry 4179 (class 0 OID 0)
-- Dependencies: 217
-- Name: statut_id_statut_seq; Type: SEQUENCE SET; Schema: public; Owner: root
--

SELECT pg_catalog.setval('public.statut_id_statut_seq', 3, true);


--
-- TOC entry 4180 (class 0 OID 0)
-- Dependencies: 234
-- Name: titres_id_titre_seq; Type: SEQUENCE SET; Schema: public; Owner: root
--

SELECT pg_catalog.setval('public.titres_id_titre_seq', 7, true);


--
-- TOC entry 4181 (class 0 OID 0)
-- Dependencies: 225
-- Name: users_id_user_seq; Type: SEQUENCE SET; Schema: public; Owner: root
--

SELECT pg_catalog.setval('public.users_id_user_seq', 13, true);


--
-- TOC entry 3987 (class 2606 OID 24644)
-- Name: affecter affecter_pkey; Type: CONSTRAINT; Schema: public; Owner: root
--

ALTER TABLE ONLY public.affecter
    ADD CONSTRAINT affecter_pkey PRIMARY KEY (id_chantier, id_user);


--
-- TOC entry 3983 (class 2606 OID 24618)
-- Name: alerte alerte_pkey; Type: CONSTRAINT; Schema: public; Owner: root
--

ALTER TABLE ONLY public.alerte
    ADD CONSTRAINT alerte_pkey PRIMARY KEY (id_alerte);


--
-- TOC entry 3979 (class 2606 OID 24596)
-- Name: chantier chantier_pkey; Type: CONSTRAINT; Schema: public; Owner: root
--

ALTER TABLE ONLY public.chantier
    ADD CONSTRAINT chantier_pkey PRIMARY KEY (id_chantier);


--
-- TOC entry 3981 (class 2606 OID 24612)
-- Name: events event_pkey; Type: CONSTRAINT; Schema: public; Owner: root
--

ALTER TABLE ONLY public.events
    ADD CONSTRAINT event_pkey PRIMARY KEY (id_event);


--
-- TOC entry 3989 (class 2606 OID 40967)
-- Name: indicateur indicateur_pkey; Type: CONSTRAINT; Schema: public; Owner: root
--

ALTER TABLE ONLY public.indicateur
    ADD CONSTRAINT indicateur_pkey PRIMARY KEY (id_indicateur);


--
-- TOC entry 3991 (class 2606 OID 49159)
-- Name: priorite priorite_pkey; Type: CONSTRAINT; Schema: public; Owner: root
--

ALTER TABLE ONLY public.priorite
    ADD CONSTRAINT priorite_pkey PRIMARY KEY (id_priorite);


--
-- TOC entry 3993 (class 2606 OID 65549)
-- Name: role role_pkey; Type: CONSTRAINT; Schema: public; Owner: root
--

ALTER TABLE ONLY public.role
    ADD CONSTRAINT role_pkey PRIMARY KEY (id_role);


--
-- TOC entry 3977 (class 2606 OID 24589)
-- Name: statut statut_pkey; Type: CONSTRAINT; Schema: public; Owner: root
--

ALTER TABLE ONLY public.statut
    ADD CONSTRAINT statut_pkey PRIMARY KEY (id_statut);


--
-- TOC entry 3995 (class 2606 OID 73735)
-- Name: titres titres_pkey; Type: CONSTRAINT; Schema: public; Owner: root
--

ALTER TABLE ONLY public.titres
    ADD CONSTRAINT titres_pkey PRIMARY KEY (id_titre);


--
-- TOC entry 3985 (class 2606 OID 24624)
-- Name: users users_pkey; Type: CONSTRAINT; Schema: public; Owner: root
--

ALTER TABLE ONLY public.users
    ADD CONSTRAINT users_pkey PRIMARY KEY (id_user);


--
-- TOC entry 4001 (class 2606 OID 24645)
-- Name: affecter affecter_id_chantier_fkey; Type: FK CONSTRAINT; Schema: public; Owner: root
--

ALTER TABLE ONLY public.affecter
    ADD CONSTRAINT affecter_id_chantier_fkey FOREIGN KEY (id_chantier) REFERENCES public.chantier(id_chantier);


--
-- TOC entry 4002 (class 2606 OID 24650)
-- Name: affecter affecter_id_user_fkey; Type: FK CONSTRAINT; Schema: public; Owner: root
--

ALTER TABLE ONLY public.affecter
    ADD CONSTRAINT affecter_id_user_fkey FOREIGN KEY (id_user) REFERENCES public.users(id_user);


--
-- TOC entry 3998 (class 2606 OID 24625)
-- Name: events fk__id_user; Type: FK CONSTRAINT; Schema: public; Owner: root
--

ALTER TABLE ONLY public.events
    ADD CONSTRAINT fk__id_user FOREIGN KEY (id_user) REFERENCES public.users(id_user);


--
-- TOC entry 3999 (class 2606 OID 57346)
-- Name: alerte fk_id_chantier; Type: FK CONSTRAINT; Schema: public; Owner: root
--

ALTER TABLE ONLY public.alerte
    ADD CONSTRAINT fk_id_chantier FOREIGN KEY (id_chantier) REFERENCES public.chantier(id_chantier) ON DELETE CASCADE;


--
-- TOC entry 3996 (class 2606 OID 49160)
-- Name: chantier fk_id_priorite; Type: FK CONSTRAINT; Schema: public; Owner: root
--

ALTER TABLE ONLY public.chantier
    ADD CONSTRAINT fk_id_priorite FOREIGN KEY (id_priorite) REFERENCES public.priorite(id_priorite);


--
-- TOC entry 3997 (class 2606 OID 24602)
-- Name: chantier fk_id_statut; Type: FK CONSTRAINT; Schema: public; Owner: root
--

ALTER TABLE ONLY public.chantier
    ADD CONSTRAINT fk_id_statut FOREIGN KEY (id_statut) REFERENCES public.statut(id_statut) ON DELETE CASCADE;


--
-- TOC entry 4000 (class 2606 OID 65557)
-- Name: users fk_role; Type: FK CONSTRAINT; Schema: public; Owner: root
--

ALTER TABLE ONLY public.users
    ADD CONSTRAINT fk_role FOREIGN KEY (role) REFERENCES public.role(id_role);


-- Completed on 2026-07-09 15:05:28

--
-- PostgreSQL database dump complete
--

--
-- Database "postgres" dump
--

\connect postgres

--
-- PostgreSQL database dump
--

-- Dumped from database version 17.10 (Debian 17.10-1.pgdg13+1)
-- Dumped by pg_dump version 17.0

-- Started on 2026-07-09 15:05:28

SET statement_timeout = 0;
SET lock_timeout = 0;
SET idle_in_transaction_session_timeout = 0;
SET transaction_timeout = 0;
SET client_encoding = 'UTF8';
SET standard_conforming_strings = on;
SELECT pg_catalog.set_config('search_path', '', false);
SET check_function_bodies = false;
SET xmloption = content;
SET client_min_messages = warning;
SET row_security = off;

-- Completed on 2026-07-09 15:05:29

--
-- PostgreSQL database dump complete
--

-- Completed on 2026-07-09 15:05:29

--
-- PostgreSQL database cluster dump complete
--

